intercept,time_out_of_naaccord,sqrtcd4n_exit
-1.496101207037351,-0.03718938632762697,0.024600281397864784

986dcfcacb8110b066aef937016538f01c1634bc